0,1
720,{2469606}
940,"{11659649, 3433218, 39924226, 89477899, 2002961, 182559777, 207122597, 325192873, 27084463, 46927544, 144230843, 167847491, 18808658, 46196052, 11151060, 234331996, 136030, 6367969, 2511208, 120158958, 139552892, 2024831}"
1185,set()
2136,{191203347}
3450,"{218996614, 117129605, 3362502}"
4047,set()
4236,"{705748451, 730176805, 678186536, 646172777, 348379886, 721075119, 658585268, 731426837, 729121685}"
4378,"{342093475, 254653477, 556817510, 695260557, 744949200, 386022420, 251575831, 620556185, 561928124}"
4492,"{247692800, 402168856, 134861336, 12819994, 516564008, 111172690, 601330259, 570290259, 143088727, 448405592, 159319137, 413050977, 220645988, 145605222, 54256742, 571441769, 264868969, 89580653, 34828400, 223891066, 195929727, 557354111, 1269893, 377166984, 163290760, 214955656, 529458829, 621195407, 210321552, 535976591, 252564, 297393816, 20756634, 97605798, 146823336, 597489327, 342465204, 539851965, 202353854, 50406084, 528396491, 208797391, 70868706, 249243370, 502144236, 297490167, 608529148, 435115260, 515075326, 22828295, 367614728, 563645196, 491326240, 176474914, 238324011, 438690094, 494830903, 574869822, 544337745, 75817305, 247811422, 115785581, 310915438, 322082164, 530789240, 574119801, 42289534, 561190795, 423192461, 106133399, 541606300, 36743072, 258737062, 249666472, 53597115, 274754494, 295813569, 615353285, 43356104, 526636490, 39225300, 464449513, 450620398}"
4731,{136037906}
4732,{38794}
5968,"{654422025, 203839458, 798245956, 419712165}"
6161,{38794}
8074,"{140882377, 158992900}"
8880,"{9111235, 260341735, 87170065, 5764023, 337048924}"
10376,set()
12881,"{276419523, 211530916, 12085093, 5287718, 69570791, 6587625, 5891498, 9479115, 2283212, 9266446, 10445968, 11326961, 200008085, 150580729, 54367676}"
12999,"{442498688, 202276185}"
13248,set()
15544,"{28054835, 95276}"
15598,set()
15919,"{185643193, 75980146, 208221740}"
16691,"{1661586, 388730902, 376317114, 32722367, 6360000, 102325440, 211385933, 271819343, 83672788, 411334360, 728324315, 12573022, 6401506, 250627685, 144198761, 182542061, 350854258, 177113975, 185115000, 302689786, 565639292, 505489407}"
18967,set()
19311,"{593373058, 157191820, 164973581, 25057551, 164546581, 721460249, 1793183, 342081192, 46535340, 280528064, 290091588, 3204171, 50733772, 204630734, 210382671, 239585746, 168176978, 131866712, 540642650, 51938397, 501885534, 323148263, 269908971, 92509431, 240566783}"
19377,set()
22283,"{791613152, 505379034, 806332565}"
22781,"{454983752, 465236463}"
22938,set()
24817,"{142821583, 315182103, 241245879, 56692667, 384572029}"
25800,"{157080737, 294250947, 370710820, 18882555, 11116155, 25722485, 434701878, 140999387}"
29303,set()
30697,"{59473155, 17262085, 1597703, 3225487, 31899151, 113928728, 89454330, 3260956, 19558561, 52488356, 43916325, 11810342, 98201637, 79416104, 112806313, 17606446, 2210739, 98897461, 34374843, 99792572, 13091900, 85068225, 70934214, 96846537, 78147274, 15291724, 749396, 12252762, 87385435, 37021660, 70160223, 25518689, 33274211, 1575140, 3921641, 703852, 108205049, 16668410, 38867964}"
32117,"{1575140, 83143497, 8503049, 180673427, 443266070, 331166}"
34323,{375573560}
38794,"{6161, 194035210}"
40122,"{561696, 2559236, 4209579, 4332982, 8007126, 84161304, 96258556}"
41161,"{5903106, 143023494, 116804359, 453872903, 31899151, 252923154, 36935699, 134574869, 15813785, 300371487, 330377119, 56475810, 263060898, 42760236, 4872620, 176456110, 1602990, 39446962, 73209266, 142908731, 584895, 313291839, 133828, 29852743, 33002192, 110341847, 22700121, 11749980, 157474014, 83942626, 199011, 5135204, 703852, 42328941, 14328565, 9027449}"
41304,set()
42173,"{58246955, 460834379, 39489555, 274425015, 37854938, 72351930, 539491902}"
43233,{12633476}
43542,set()
50667,"{374723332, 115977990, 226499337, 222949898, 75840398, 70269459, 194120979, 103648916, 2053907, 164950939, 358899101, 2482093, 247786417, 139186614, 184347574, 133335741, 194756, 222420165, 399183569, 178360145, 177396435, 387354580, 147544536, 133553880, 76846564, 157790565, 43309161, 1667307, 23342961, 214609010, 122742258, 556603636, 6333558}"
51037,{4133236}
51196,"{410650208, 370328546, 526189443, 597298151, 377229354, 292695213, 578461366, 550845846, 14761050, 114068347, 345911582}"
57493,"{312658848, 3706731, 3059756, 3717264, 6443066, 67607484, 267614}"
62642,set()
67029,"{190542882, 1755846, 430976873, 36379894, 19885849, 30248025, 13815866}"
67529,{32344022}
76332,set()
77745,set()
78606,set()
80460,{755436}
82050,"{8158889, 38737606}"
83728,set()
84654,"{108737408, 13452232, 217679242, 8043503, 56469168}"
84661,"{411429401, 163884387, 167206502}"
88859,"{19320834, 662205, 37265674, 181217101, 14531440, 2724242, 9647954, 2048501, 2931318, 172651413, 58205557, 53223485}"
93679,set()
93717,set()
95276,set()
96906,set()
97628,set()
99644,"{40706289, 61387247}"
104334,"{162777953, 284846643, 636654830}"
109041,"{12240793, 174673586}"
109319,{4087097}
118207,{674360}
121406,set()
123616,{53223485}
124604,set()
128530,"{583791330, 1176891, 354893508, 5983807}"
129136,"{13861088, 24871041, 12572715, 10580367, 358899101}"
133807,"{2262568, 8530393, 122742258}"
133828,"{266415745, 216832912, 755867673, 312658848, 124955304, 229326251, 307007276, 514279469, 96223405, 437645362, 189657267, 203766715, 189166652, 471773501, 259742142, 584895, 423624123, 12429633, 154726081, 578370884, 487354565, 41161, 110341847, 94320473, 296954084, 178036335, 111087344, 356339, 446959098, 495246971, 177931647}"
136030,"{633664, 11659649, 39924226, 3433218, 6367969, 703430, 89871303, 2511208, 1825832, 908, 940, 46927544, 27084463, 18808658, 131152787, 11151060, 4277077, 7365688}"
137534,"{1098451, 1263103}"
142498,"{19320834, 578775180, 45092365, 75511693, 30408465, 157786644, 362277909, 496539931, 276746269, 381925149, 310712863, 214157217, 23486500, 44345381, 91319078, 45524392, 18069672, 22650537, 1354543, 191914162, 6631731, 151934262, 1246520, 12099779, 5142212, 268126789, 20479816, 8015433, 111469770, 12894539, 93128780, 140323914, 2007374, 54028366, 12349898, 11487313, 581404755, 176604245, 413598551, 9081177, 135152734, 14741730, 140531559, 6755048, 461484016, 260897271, 185115000, 260944251}"
153381,set()
154091,"{27825793, 44098802}"
154158,set()
157107,"{313115833, 41699221, 2092582}"
157234,"{630802978, 412285125, 786547814, 132052294, 321081708, 693268, 145990975}"
160626,"{248480, 15134113, 15244195}"
173115,set()
176290,"{10764346, 22480653, 2248087}"
182924,{294752544}
185246,"{175485225, 317609578, 559439717, 192416278}"
191970,"{127714507, 443549021}"
199011,"{188268864, 384398149, 1891815, 41161, 22861933, 119373779, 49881020}"
201002,{2029186}
205521,"{233808514, 252044163, 374723332, 488878597, 566101126, 163290760, 156019211, 20711186, 22631059, 38914452, 2053907, 6454035, 44571414, 29283864, 511433619, 409690009, 9726875, 2556958, 550229882, 630802978, 761817891, 3206051, 97605798, 437326887, 34722217, 362026, 269769770, 123779116, 24020144, 428486962, 86683446, 4766904, 300108985, 93258810, 321544379, 155722043, 214920892, 98638911, 218557766, 434834758, 33739847, 581056199, 190016718, 200723025, 167740754, 271864919, 535009752, 22862553, 162487769, 283215195, 318073692, 380461019, 198590428, 103474655, 107260897, 70468706, 559333098, 37920237, 421997431, 468947065, 259942010, 455081853, 20150271}"
206038,"{2951424, 68249953, 296319555, 172591620, 176951716, 18542054, 26868552, 199279, 6530003, 24052663, 12078331, 8131323}"
209843,"{9907661, 100748806, 157090143}"
209939,"{126472707, 25951126}"
213111,"{118828632, 10762889, 30571027, 1785932}"
218893,set()
219123,"{391366309, 466064486, 435590570, 276017930, 452179919, 204319097}"
220783,set()
225425,"{5963437, 624566}"
225988,"{527166, 245121332, 158992900, 374723332}"
226134,set()
226229,"{49894561, 163705250, 210597729, 211584452, 546380226, 310179974, 453855945, 511433, 15020107, 354554924, 235518541, 169820144, 169127091, 262568244, 755290614, 524741463, 21001913, 395067899}"
228898,"{97541019, 58109965, 8318287, 71386999, 235120667, 77958783}"
231053,{655244750}
233912,"{332002818, 62525827, 34816516, 11831430, 132700550, 364987533, 325697682, 99087381, 101722775, 152995355, 48807710, 241030942, 832161, 298627367, 230658473, 6631731, 421123636, 21626164, 156932154, 166896316, 54131832, 3184575, 342483392, 16909128, 400528086, 95903323, 120762589, 191280605, 66764767, 219859165, 159319137, 323097314, 137288033, 139648094, 14741730, 5200872, 310321516, 156236529, 149589493, 22096757, 133581688, 85748476, 139262334}"
237526,set()
246170,{511691234}
248480,set()
250937,set()
251230,"{39131592, 1425349}"
251387,set()
252564,"{19101955, 65574180, 467632936, 4492, 126951281}"
255044,{479074473}
256487,set()
263654,"{275095938, 343076996, 583572485, 443987084, 372282700, 176264726}"
264348,set()
264594,{163884387}
268162,"{583791330, 664274919, 486401895, 535976591, 699077055}"
274344,{18267683}
275922,"{371222789, 8040231, 360523624, 204373936, 38647603, 348653787, 19686271}"
278179,set()
278665,"{71863205, 58361477, 69600046, 470778160, 114503606, 224625497, 53017884}"
280307,"{133708761, 230101597}"
281469,{27602942}
282677,"{10571032, 49831396, 4895335}"
284545,{601259976}
289858,set()
292904,set()
294985,set()
297208,"{278695040, 844420, 10688005, 116939652, 6396936, 12469133, 355706648, 555732255, 312658848, 50967840, 13022626, 30044835, 15244195, 128871333, 386958246, 18081321, 204345642, 1017260, 38961, 67040575, 70934214, 41166153, 110395089, 185676248, 201579998, 154130409, 4133236, 514677877, 37019256, 468947065, 9669115, 235704060, 55168382, 500735}"
297400,{5013796}
300396,{61480903}
300415,set()
301962,"{414675040, 469032962, 64012483, 79876136, 28607500, 307391214, 167239632, 361295798, 226972599, 11987256, 230697657, 535507869}"
304335,"{177268897, 542571172}"
306688,"{2287168, 1486629, 2990727, 462053802, 62065194, 155185740, 135078541, 489917425, 49066163, 137262197, 5019606, 2720504, 322105852, 90012671}"
312868,"{153985441, 50365570, 9021476, 109857188, 335724005, 36540489, 6299917, 68374927, 68502546, 316646674, 65627062, 129404503, 41039928, 325414490, 334624251, 37610716, 41196926}"
322533,"{515749729, 136993927, 25539623, 7143177, 136025899, 7913773, 1354543, 191168369, 133145459, 61360595, 530609403, 11077309, 3138463}"
331166,"{242284417, 487916038, 356244230, 8503049, 482765196, 364987533, 498872590, 75511693, 422822033, 160761363, 189598228, 451680534, 156322455, 500116631, 303123358, 277385887, 276136994, 16754851, 151189673, 268475179, 29284015, 215545519, 31365244, 8801970, 661517621, 176312375, 4478264, 53223485, 662205, 119888705, 436494658, 83143497, 65941583, 155197648, 518112336, 52498133, 569819610, 266965596, 336101472, 714334945, 1575140, 35429095, 194419947, 100281964, 494926829, 205323628, 260046315, 387828976, 121415025, 757780209, 32117, 670809978, 33260668, 372878717}"
336312,{16857690}
336584,"{514578944, 439483395, 378705031, 351394843, 8604331, 144096332, 306961003, 97973166, 300681615, 152424528, 509793213, 414896755, 282681524, 246212373, 32741494, 193660377, 588783003, 454444445}"
338210,"{1496640, 146682737, 50411635, 482151091, 69916051, 198716255}"
338404,"{292896, 40575349, 284061}"
346440,"{22837539, 17321795, 17838310, 15773112, 6755048, 2472393, 1667700, 10731286, 294190168, 5001498, 1488189, 20048733}"
351845,"{405448192, 94253570, 6637200, 214454805, 226933270, 63271447, 35546133, 241445792, 2768170, 269226411, 54218924, 250436267, 37201323, 145530667, 490012867, 82863319, 129118942, 311457122, 212951927}"
356339,"{34240775, 261450134, 59998744, 70374682, 387075483, 70572960, 621089, 433952291, 414905639, 171456170, 51978416, 104221360, 586779059, 189657267, 9381821, 4610493, 133828, 266486863, 35956827, 14739037, 362697312, 226310757, 180166760, 345161962, 12259818, 135172590, 21390708, 142632820, 39057534, 13430399}"
357481,"{12469133, 381717646, 426524303, 368399, 306532881, 332132240, 7412244, 312658848, 294589988, 334559012, 164087860, 65289807, 90562006, 119984095, 31558630, 141865456, 475918192, 296954871, 42854266}"
359357,{5786477}
359375,"{39246343, 7093149, 153805175}"
359549,"{64874624, 895722, 936779, 137177681, 213190299}"
362026,"{406927131, 186710243, 90317380, 22388869, 173067909, 528809543, 444514086, 99544037, 282910154, 24441230, 205521, 605386098, 189725235, 8187413, 16791513, 409666235, 340259998}"
366894,"{234344203, 4206350, 58949782, 8867607, 32306584, 35617440, 78365986, 73757863, 125922600, 73762346, 3059756, 2440750, 137185721, 5753660, 90462015, 15222086, 12246346, 61360595, 134794580, 180166760, 120206955, 174829167, 26670586, 77958783}"
367241,"{201726180, 18282724, 7141450, 526851850, 1354543, 163330418, 470422868, 747264406, 171946518, 583646614, 548398777, 267860959}"
368399,"{9296501, 357481, 141682701, 3884919}"
371869,set()
373679,"{466064486, 371949607, 454946505, 468883627, 462512305, 462335185, 458985394, 397077525}"
373873,"{1241088, 39320580, 576645, 228498091, 159072631}"
386351,set()
392404,"{69654150, 54852459, 343878063, 8194356, 232292950, 21586429}"
399945,set()
402773,set()
404628,"{179266883, 512319335, 50768200, 39245163, 364987533, 108397679, 425694682, 23677588, 280683637, 89952436, 229688730, 242500348}"
407335,{14141457}
408657,set()
410134,"{238568259, 179358574}"
419278,set()
423545,"{37172353, 561046914, 463863300, 274476552, 396805896, 587030408, 138611851, 2618379, 653928973, 604634634, 632756369, 306545556, 586399893, 313178263, 297393816, 437306907, 139994141, 464593054, 21012734, 396508704, 309617182, 87212451, 761817891, 510822184, 178563883, 344470316, 415204019, 282681524, 699000120, 281095868, 24964799, 585356355, 607555526, 603465800, 502574793, 520999112, 701065288, 577990601, 518027337, 543218766, 360137295, 499405520, 510413521, 604045781, 56313430, 752214998, 448405592, 211994331, 466273118, 468723551, 732251870, 107260897, 714334945, 569029352, 117931112, 703955562, 197274094, 608487791, 150974962, 622246002, 544552568, 435115260, 614466302}"
423946,"{13052904, 239124492, 1373228, 16883826, 174273844, 99087381, 11503189, 7434228, 42316409, 658650, 3440222}"
425871,"{450856, 347551018}"
439306,{6754269}
440330,"{285056992, 4165761, 5311132, 183236867, 275418082, 14343493, 86404556, 13039149, 88914511, 218259569, 177756113, 811763, 136744597, 427387004, 254795005}"
445382,{96578388}
452072,"{66614956, 34613900, 89030638, 82241978, 14141457, 174466202, 93711643, 182710012, 12818141, 8341246}"
453585,"{120483672, 14486609, 3061187}"
454274,{32897312}
456219,"{569296487, 12349898, 391064313, 31137371, 325681628}"
459494,set()
467416,"{6735265, 321486169, 292603658, 227476715, 445966508, 379983852, 400483983, 3550481, 35407634, 200820562, 7900408, 1543545, 78220731, 90177022, 9050303}"
471257,"{5135204, 73236613, 86212363, 703852, 45174700, 15050961, 182300593, 239905275, 391546332, 11125916, 22427679}"
473824,set()
475898,"{5741202, 33650709, 3073750}"
482772,"{288993155, 395554947, 97246856, 132290923, 414396272, 321188016, 305318579, 122303991, 285590362, 437019707, 95590876}"
483619,"{561696, 154220481, 37271880, 65669641, 13039149, 222864398, 536876657, 360482514, 475648051, 45011444, 22489042, 420846742, 324036727, 511837176, 359367481, 208385658, 536603, 515242270}"
485442,{9428226}
488560,"{323399043, 414712358, 730640937, 177180717, 206427413, 35878653}"
499723,"{216938250, 456368402, 18903956, 202315284, 433117466, 60280735, 168497440, 1017260, 55459504, 6069438, 124340670, 52007750, 15915083, 6227407, 155104336, 29654869, 1845484, 184072556, 271560821, 57916021, 11165306}"
502699,"{7176320, 62953348, 293292939, 24027417, 68538268, 185727782, 38135088, 38961, 155372340, 186566339, 96942541, 12818141, 59372255, 155119585, 10084455, 154130409, 24033394, 17653106, 4133236, 30597877, 178102009, 8341246}"
504224,"{218668034, 252044163, 1176324, 279232258, 132366729, 89941261, 88475281, 93962258, 97092115, 38914452, 150595222, 103121943, 29283864, 380351004, 79093545, 264741547, 169994236, 167245870, 169609519, 243004463, 24020144, 63639215, 74643120, 37062575, 231571126, 23054521, 164144701, 336487361, 312214339, 279876555, 186290892, 45749584, 379701073, 307019475, 318073692, 442884189, 294773981, 103474655, 198590428, 107260897, 155793255, 137411049, 124299755, 153246317, 170724845, 178782320, 272640240, 26206576, 390979956, 134990837, 302831225, 199270908, 250953981}"
504470,{53389503}
506397,set()
507251,"{273609600, 126472707, 26890764, 8124941, 26975632, 11172265, 80716201, 42760236, 177180717, 1285555, 86161334, 95959223, 48134586, 215186117, 518112336, 40574813, 1575140, 338232549, 220185067, 718690031, 519855989, 9464694, 174720888}"
511433,"{455854306, 15370490, 226229}"
512831,set()
514967,{10082354}
515104,"{7967156, 230101597}"
519637,"{180908964, 730176805, 322102790, 192360679, 122807908, 469261035, 318500080, 325697682, 494688307, 212795190, 245900603, 267010812}"
520374,{153798292}
522009,set()
522481,"{172277474, 158992900, 374723332, 97605798, 295814438, 44187978, 243306765, 8559469, 439061841, 331128019, 240352759, 236947640, 285723736, 410646238}"
523863,set()
527166,{225988}
529502,"{535097, 19073357}"
529525,"{2387209, 223486235, 152661574}"
533319,"{296319555, 101278340, 779498, 42760236, 295521326, 382174639, 202315284, 126159608, 17231961, 96351740, 81974205}"
535097,"{649918147, 2161284, 1755846, 215521482, 3059756, 16464877, 5976910, 101594477, 28054033, 144276945, 387311089, 5950388, 83640694, 224625497, 6069438, 529502}"
535364,"{1414973, 447113965}"
536439,"{219003200, 2237736, 2482093}"
536603,"{561696, 154220481, 483619, 139271473, 139635412, 429666431}"
536948,set()
537351,"{215187587, 192822281, 83658986, 19599148, 71245071, 2053907}"
538493,"{4365793, 254301510, 798793, 5780941, 2532942, 2019472, 1133906, 32800989}"
539319,"{16460812, 5786477, 7928766}"
540033,"{418907451, 270303101, 190950851}"
542100,"{10868714, 247683459}"
543966,"{167126404, 69480453, 453888310, 237239543, 273775999}"
544918,set()
545754,"{1595238, 9729831, 294914828, 953525, 162261470}"
548812,"{192825442, 26570220}"
549617,{678434}
550734,"{445522467, 92155196}"
553243,"{548846628, 405563398, 194865359, 548593904, 32857233, 709230159, 100716053}"
553467,{261588187}
556157,{57671556}
560671,"{2287168, 87852161, 7461797, 555331144, 12120436, 163540700}"
562069,set()
564033,"{236725797, 177821322, 4872620, 73701653, 384763034, 35803547}"
568384,"{248316536, 1817548, 1644143}"
570586,"{318159691, 57863982, 318799025, 13187281, 10321201, 8648531, 8149370}"
571843,set()
574560,"{14518232, 7143177, 7163826, 1861014}"
575418,"{757451922, 29887699}"
576645,"{12223876, 568058376, 34698121, 389517837, 40616850, 293105561, 10476958, 97605798, 371949607, 437326887, 200016169, 153075112, 179743405, 148158898, 190644405, 283932089, 67630657, 338504516, 43525573, 236914632, 1868873, 268661080, 132902361, 17175770, 11304029, 274427882, 193427820, 239657720, 373873, 331816306, 16530803, 421997431, 118418424}"
578942,set()
584895,"{489557506, 1239450, 11125916, 3985056, 15580838, 45174700, 199358000, 189657267, 54074936, 352459073, 133828, 41161, 187262413, 18194768, 12301139, 110341847, 16857690, 762094697, 2187883, 41808620, 703852, 135172590, 162308725, 5342838, 239905275}"
592786,"{210627169, 175648930, 342088260, 494203879, 197320779, 235288175, 276539248, 103247763, 328770427}"
595637,"{90579685, 4551342, 14762264, 57440409, 132941309}"
597044,"{325681628, 70215951}"
599090,{22280803}
602753,{2041637}
603203,"{161821121, 65715427, 315070211, 180858821, 104143494, 1597703, 158592487, 197750377, 80144780, 162626453, 101284632, 38965337, 837211, 34181052}"
606184,{239322307}
608713,"{186919565, 363709198, 133422479, 507316373, 550081566, 235748895, 159820705, 329969057, 505169825, 365927845, 314777531, 328448445, 314034255, 235815893, 230928602, 319612762, 429118044, 41779054, 284566901, 213978618, 252287867, 164321661}"
609009,"{119459552, 239510627, 80013765, 85555558, 13428267, 232490061, 211794127, 117807417}"
614150,{3833313}
624566,"{2365186, 225425, 3239441, 2730652, 154593697, 30227233, 24713509, 222517548, 23003194, 44248765, 633664, 18863938, 1956039, 154483022, 9190480, 12405351, 614190440, 459109486, 22110324, 153636089}"
624721,"{276595312, 202856415}"
625491,"{2029186, 169304137, 651273, 2721449, 12546796, 272513801, 703852, 27906489, 259527151, 1987895, 121780377}"
627206,set()
637070,{1281478}
641371,"{244810795, 451325, 23167823}"
646323,"{108737408, 152762467, 336113938, 53497684, 9860759, 119374233}"
649317,"{135596098, 6755048, 3059756, 272676364, 2042297}"
651273,"{162469505, 45068228, 70985481, 2921900, 25573197, 18931214, 195904850, 625491, 358300405, 241284280}"
654919,"{97541019, 5142212, 97605798}"
656287,"{46907300, 3389769, 189374924, 126758382, 1987668, 57536501, 128449814, 31923480, 241330106, 21642333}"
658650,"{14427748, 189342149, 423946, 239124492, 260830867}"
659219,"{201847040, 338451633, 22392517, 21586429}"
662205,"{267614, 30731074, 21197480, 741839736, 189480761, 88859, 53223485, 331166, 1980511}"
664748,"{18369417, 164696605, 328998577, 321561266, 155907251, 453481013, 156621113, 131631426, 222544713, 1785932, 90287567, 38767184, 4454867, 183871966, 252731488, 167781988, 25386855, 14108905, 218019693, 362702703, 587971834}"
669446,"{9846708, 3107548, 2785127}"
673295,{2777950}
674360,"{18267683, 18630513, 23811416, 40574813, 118207}"
677443,"{7258558, 134968620, 6468176, 155577265, 11369307, 25951326}"
677449,"{90719777, 78365986, 112339915, 412832460, 47499757, 44598223, 379872724, 58949782, 21730582, 173983577}"
678434,"{549617, 394968556, 7137077, 12348311}"
680831,"{1139814, 294074699, 49061164, 252989777, 1403377, 26101944, 14196092, 211389085, 9006047}"
683874,set()
691808,"{167126404, 446361222, 61337991, 348946696, 386875146, 409243277, 29283864, 236403481, 226241565, 183339165, 35617440, 276546722, 97605798, 177180717, 343878063, 453877556, 159442106, 495353790, 21209286, 447797067, 383727692, 286161227, 271013456, 105744724, 169724374, 150402906, 2192091, 11044956, 305722718, 198689901, 198377198, 387311089, 208679156, 421997431, 502330109, 42289534}"
693452,"{249043458, 10720264, 25091595, 72540300, 73427726, 63097362, 133985819, 5567262, 63528095, 158304691, 267069244, 244897341, 59035969, 175127372, 8523213, 205518286, 90603469, 336893011, 7860053, 18392793, 16345178, 62684507, 383895401, 27808620, 122198253, 19836404}"
703852,"{75020300, 21105167, 31899151, 100716053, 13432853, 98027039, 654747679, 22427679, 55804966, 102400553, 199358000, 49823284, 54074936, 313291839, 76736064, 16180296, 557376595, 269808724, 16857690, 165262430, 483985507, 762094697, 2187883, 17217646, 24033394, 19601529, 311499898, 10604156, 169843836, 211924094, 11125916, 1012386, 584895, 246657217, 1088193, 41161, 243484874, 28492501, 110341847, 471257, 181105378, 23665380, 41808620, 10837232, 140838130, 197449975, 184080151, 23563040, 169367335, 19689270, 239943991, 12299063, 142908731, 352459073, 73064771, 121822538, 13746515, 625491, 5135204, 9318765, 4899699, 256265588, 1747324, 443067263, 424838, 167414161, 1239450, 29025182, 330377119, 312658848, 277109662, 2260898, 45174700, 165653424, 2738612, 17384886, 208968635, 566222274, 21464523, 187262413, 14269391, 61360595, 176035797, 430909910, 45095390, 300377062, 30697, 98445803, 1218539, 135172590, 217296887}"
707439,"{30596768, 247163621, 64050405, 3723656, 13846729, 98871912, 76503628, 23008684, 26828478, 399989463, 69087608, 43332861, 335083066, 23530333, 33054110}"
708259,set()
719175,"{98228331, 305329158, 21414623}"
721349,set()
722277,"{23451010, 91491207, 392579082, 98536203, 97952764, 120641399, 192480019, 41686396, 3576988, 171559199, 308627621, 64791333, 172671015, 344840102, 99784617, 20218285, 147797169, 67073585, 122782131, 83925429, 311038137, 205371067, 202569533, 165874622, 29928383, 439762496, 51759425, 316189121, 143116738, 78117315, 98821061, 310842822, 186803399, 69520073, 294672970, 14900811, 19413325, 255465165, 46033875, 56580564, 70945110, 366619095, 50374359, 52909919, 370987492, 136453606, 252251112, 115046255, 168329712, 137300592, 353166320, 70524784, 355415412, 21041653, 137497334, 381736055, 51179253, 30604537, 59274875, 245211260, 33796990}"
724932,"{47443969, 14166278, 75020300, 10342930, 49664530, 142040343, 19266200, 224166424, 435850012, 11125916, 161932701, 330377119, 30044835, 7106217, 9807785, 208221740, 2738612, 17384886, 97276731, 409666235, 21407167, 161821121, 1088193, 14193602, 101265347, 17033029, 18319815, 330367435, 15291724, 133708761, 401340256, 166144485, 154130409, 304765804, 10837232, 42316409, 75849213, 150721534, 14586623}"
729717,"{37911257, 263020201}"
732587,set()
738639,"{12135141, 114347687, 181263214, 139943630, 415971888, 94819412, 953525, 11987256, 482484446}"
745264,set()
748759,"{199792375, 59529798, 14805007}"
749396,"{384908355, 30697, 66834954, 39374828, 522032044, 135172590, 310305648}"
752901,"{2049720, 82979049, 308698338}"
755436,{80460}
756751,set()
756930,"{39638147, 51675694, 8400047, 12643923, 48302201, 1375868}"
761825,"{93056263, 309246985, 233433999, 177403793, 133841298, 272821139, 302256018, 297393816, 551203866, 526097051, 204476061, 322750365, 225881503, 189181344, 458730397, 233911970, 313542180, 492440228, 217268517, 231786923, 361109555, 340048563, 536203699, 202696758, 444673079, 333384247, 232929850, 375454662, 546408775, 185011784, 168363209, 204622417, 357147473, 184192086, 540536918, 441673942, 140937943, 322600153, 127828313, 192626010, 522543197, 230101597, 319503487, 470211293, 446025442, 649307362, 227783282, 404495602, 490153975, 363542648, 460712955, 554985942, 306724734, 463234175}"
763540,{134532243}
766036,"{61691828, 87782580, 4503957, 416233438}"
767281,set()
767574,{3840234}
768297,{21218889}
769442,set()
772489,set()
774584,"{144123397, 8694151, 14443145, 262811535, 4636823, 46351779, 247153575, 17182504, 4782887, 63852586, 16871600, 22418998, 19397437, 220613182, 77639884, 72520923, 3120477, 280199270, 10503016, 5049320, 167549940, 10177910, 18151159, 121127293}"
777687,"{256203788, 422822033, 415589298, 293105561, 53223485, 30528190}"
778386,"{5492201, 23909295, 141145713, 8141266, 3839988, 19256479}"
779498,"{83484641, 296319555, 124656612, 404882054, 533319, 258876652, 374090190, 258954575, 571597456, 809022832, 475648051, 555269843, 603104053, 663510, 4478264, 756194105, 220271039}"
784809,{11605663}
786403,"{312658848, 180048965, 151601477, 152646566, 209502792, 141682701, 428173037, 306359311, 342534093, 213392657, 61387247, 416908979, 51087670, 103127799, 325011612}"
790766,"{89939285, 136021958, 142902823}"
793079,"{257503592, 113775547, 348981893, 240236686}"
802532,{856613}
804006,"{16068195, 116331479, 244554771, 75831631}"
806597,"{35617440, 145390820, 122367503, 2992883, 213509108, 85342229, 606725399, 301358072, 854810, 97541019}"
807344,"{278695040, 374723332, 45325828, 359169031, 2713608, 222949898, 3109390, 274377358, 75840398, 73587601, 42054798, 325903890, 165699093, 66273558, 39616151, 409690009, 84482586, 62945562, 407914654, 4406174, 20014242, 187907747, 83540522, 162117931, 2482093, 22354616, 214727608, 268667067, 135582789, 82121030, 1184456, 190235209, 290657866, 386439499, 387974092, 109145547, 28712777, 119463755, 6201808, 25646800, 160057820, 6498783, 150137952, 258877413, 17838310, 1667307, 9758957, 8559469, 164423150, 285488625, 156859258, 238728574}"
811763,"{236820864, 440330, 31536652, 24828557, 22729496, 58220185, 5311132, 9210014, 249666472, 159891654, 13452232, 19220683, 86404556, 88914511, 14486609, 158928089, 260445, 72798944, 12085093, 40394219, 45995886, 145579633, 21677941, 73872118, 237286647, 61351294}"
820996,"{13894216, 20785025, 180953003, 13951140}"
823752,"{20582219, 99606830}"
824196,"{2974856, 299406865, 241945}"
826908,"{23455955, 148409647, 142555646, 164058143}"
829475,"{3198330, 45041476, 858054}"
832161,"{233912, 3335858, 6631731, 93128780}"
837211,"{603203, 194352166, 3953994, 41865931, 80144780, 42507057, 188376884, 101284632, 551635259}"
844075,"{37928001, 31988545, 5135204, 95331365, 28679975, 68486064, 232683252, 145205301, 38722900, 6458741, 11987256, 68459676, 29025182}"
845992,"{151642209, 206952226, 8897192, 143673610, 431936941}"
847300,"{34054074, 59790811, 205881735}"
849272,"{2107921, 160761363, 9374397}"
849347,{2703655}
854810,"{192168706, 150666885, 43106950, 15355975, 16909128, 806597, 33742893, 296524719, 2986744, 45420924, 30819806}"
856613,"{27949569, 802532}"
856825,"{134380098, 3059756, 11077309}"
858054,"{15134113, 829475}"
878606,{21082988}
886210,"{175029088, 630802978, 276601352, 458684171, 450446449}"
889685,"{59203104, 8006757, 440152328, 417165836, 158764145, 15656468, 539609692}"
890209,"{511407366, 328558120, 410975371, 166783851, 163759343, 439958066, 516948082, 261267060, 423159060, 209618710, 479058136, 211744505, 356666204, 625739677, 626570046}"
890943,set()
894699,{76200948}
895722,"{241845552, 936779, 359549, 895971}"
895971,"{151422626, 15383715, 43203626, 895722, 936779, 167264430, 192885455, 241845552, 19241694}"
897647,{2372841}
897796,set()
898681,set()
904931,set()
908661,"{7250661, 21788359, 579460168, 137417511, 78092745, 156251593, 120153165, 32857233, 711746930, 557376595, 53337846, 113928728, 163072441, 625175516, 371594463}"
910431,"{168168066, 28621318, 16727307, 158227342, 34478608, 26531220, 172458389, 42948640, 19252129, 10616098, 25539623, 80716201, 24665911, 1414973, 133960512, 11934147, 64217927, 313522376, 251385545, 3953994, 3809617, 9652820, 273179480, 251676122, 119615709, 136750178, 10503016, 366526314, 7838443, 136107372, 459109486, 30442608, 10177910, 202604798}"
912591,"{3524907, 66749}"
913488,set()
916639,set()
924061,set()
930661,"{30478016, 38549697, 77154408, 19253818, 93881787}"
938422,{93960825}
939898,"{211263769, 13967050, 250219206, 88290575}"
945253,{156013662}
948776,"{51401121, 85068225, 158152258, 16344898, 10945510, 98937533, 250219262, 5030000, 1421814, 585850168, 17227580, 4610493, 30335166}"
949095,{30036108}
953514,"{102275363, 67284356, 19244197, 24481574, 51088872, 195195465, 559774730, 11598739, 63271447, 22529913, 20807324, 69140382, 28190815}"
954268,{10544039}
954856,"{213384081, 209450755, 319506500, 1849406}"
956513,"{94388091, 6431421, 280820695}"
959569,set()
964572,{178346558}
967058,{21787221}
968025,{12894539}
969436,{9777669}
972269,{45052406}
974026,"{34373950, 460239}"
976491,"{275209380, 276700808, 62066121, 309152370, 1793183}"
985618,"{59528344, 14091288, 373087898, 39514785, 164857520, 3154487, 4766904, 154526656, 113921346, 10175306, 3165652, 30248025, 283215195, 205552349, 56398051, 322542189, 3124973, 1850743, 463198076}"
988375,set()
998564,"{2534728, 41173449, 18646006, 14091288, 16791513, 205646427, 64748190}"
1001428,"{324258, 97541019}"
1001886,"{61360595, 4856663, 175800807}"
1002332,"{77695013, 33728774, 176967942, 35947787, 186290892, 42123629, 13428267, 289023980, 368903441, 365402865, 441230291, 4658226, 234314965, 214889747, 10845015, 38468568, 148002709, 29455098}"
1003679,set()
1004887,{1259023}
1005841,"{133465761, 97033019, 53289017}"
1007912,"{497240739, 116939652, 87432899, 250727728, 44248765}"
1012386,{703852}
1013830,"{140419297, 298749480, 330458376, 47055212, 397540787, 76333717, 268731317, 151146393}"
1014450,set()
1017260,"{213547908, 238155268, 139510024, 499723, 447183128, 14688408, 259045021, 46713899, 225352499, 386627507, 421596983, 246445241, 81371962, 353848137, 393856717, 65289807, 89939285, 71722334, 361804002, 30039396, 326946534, 273334135, 297208}"
1024195,"{34425602, 13230228, 23494031}"
1025616,set()
1037756,"{312658848, 33569954, 186640611, 158992900, 97505827, 102017667, 241945253, 22205862, 22827337, 341546501, 87329579, 249071403, 370780621, 154192053, 284958934, 40574813, 643723678}"
1041627,"{364987533, 11380287, 79117085, 4414238, 52328063}"
1042155,{12206511}
1043481,"{34912324, 122520484, 44820521, 70308938, 135392653, 124983344, 88356851, 270959828, 2986744, 162154333}"
1048780,"{45011444, 27584910, 535438124}"
1056941,set()
1071524,"{257900551, 271984363, 102966637, 430448092, 158710431}"
1087223,"{31223784, 209076595, 172458389, 13957343}"
1088193,"{205457314, 374723332, 724932, 55804966, 72703718, 1218539, 703852, 45174700, 19243182, 196853488, 2738612, 15111991, 10146971, 8979966}"
1092730,"{238922374, 203923721, 238096783, 2540053, 878998, 117359383, 211976088, 29025182, 100376614, 876970, 25369772, 705114798, 13515323, 5753660, 100009405, 73846974, 76736064, 31571527, 2707661, 3758553, 108434024, 38729324, 18679669, 82158716, 8979966}"
1092770,"{3486960, 208266718}"
1098451,"{180255808, 6955428, 4176741, 1555211, 15291724, 177675468, 5949809, 2738612, 44429813, 253153812, 42316409, 16511292, 137534}"
1103155,set()
1111892,"{412872192, 560534050, 493556803, 522942821, 381900134, 562428425, 215681353, 432374699, 691136204, 582490476, 249661422, 687469113, 283206255, 319444818, 637268505, 205360634}"
1112311,"{104247617, 132357858, 74284611, 236207842, 122848618, 255795695, 47151729, 65728501, 222752670}"
1114541,set()
1121099,{123015116}
1123672,set()
1133906,"{3666883, 384819434, 50881931, 3148461, 538493, 245346128, 209866769, 180700221, 7977621, 72255125, 255264696, 294190168, 49050778, 510484667, 174448733, 141393534, 517746655}"
1134664,"{4949088, 668989}"
1138795,set()
1139445,"{100891620, 2598279, 4886377, 7905360, 40575349}"
1139814,"{142461839, 7977621, 211389085, 59948069, 102400553, 160662967, 26101944, 97276731, 365894269, 78147274, 448082508, 4952908, 112485453, 611031511, 58431710, 9006047, 139971168, 67373151, 157474014, 1873261, 182542061, 1403377, 42316409, 418866173, 680831}"
1142111,set()
1143768,set()
1150904,{9556884}
1151988,"{136628738, 83368071, 117458567, 297551373, 138444691, 325814423, 148907549, 282586014, 229367329, 66326693, 61920679, 164204208, 117172019, 57504826, 76025405, 75563326, 337077188, 286367052, 27247056, 27894099, 113769428, 145901913, 20048733, 84538208, 88615011, 7153638, 85020018, 152861817, 9081082}"
1153494,set()
1153550,{423893325}
1156152,"{737836932, 217728262, 132586506, 13432853, 330377119, 269758625, 263060898, 383496868, 226561451, 2738612, 18398902, 160662967, 278528313, 48344889, 21407167, 313526103, 100051419, 3823967, 5135204, 304765804, 5052912, 12622704, 498074227, 162308725, 7130614, 239905275}"
1159786,{142284040}
1165129,{151677280}
1170072,"{108901448, 6056647}"
1174362,{230101597}
1175326,"{693365569, 204403943, 122223280, 358084242, 486703703, 178742938, 32160382, 412684063}"
1175918,set()
1176324,"{504224, 3503393, 24122151, 4766904, 56840057, 82241978, 47486811, 219613118}"
1176560,"{208143104, 150803588, 206105102, 19569972, 450723261, 4118979, 200118214, 308176328, 12741323, 36860235, 1487952, 143915344, 569557, 284958934, 224625497, 5744862, 143053535, 94777959, 558009320, 2882413, 141900399, 25353457, 137370867, 10730997, 129017718, 44395898}"
1176891,"{218198309, 128530, 241134868, 26454238, 190564063}"
1177870,"{42948640, 161547705, 109357120, 14864487}"
1179018,{374723332}
1179436,set()
1206693,"{163359976, 190967337, 146578489}"
1215146,set()
1218539,"{1088193, 263060898, 116693061, 132586506, 703852, 457584781, 7355789, 26479503, 17606446, 73802582, 104344630, 10604156, 167435358}"
1223639,"{3812768, 1872315}"
1226371,"{153352626, 14088266, 45309598, 126785479}"
1234887,"{140939747, 123699139, 143486672, 104507697, 84375704, 4766904}"
1235372,{477039293}
1235972,{143486672}
1239450,"{352459073, 584895, 152596675, 79416104, 243484874, 2187883, 41808620, 174062605, 135172590, 703852, 187262413, 45174700, 49823284, 110341847, 11125916, 54861277, 313291839}"
1241170,set()
1244175,"{173690148, 103659783, 70053831, 72508714, 140136046, 110645295, 344896368, 2843956, 38739896, 185570265, 3441595, 185818908}"
1246520,"{9428226, 31515522, 7842182, 58593415, 48742539, 10335635, 108618899, 93552277, 115219862, 104516887, 83063959, 93164569, 5120027, 83523358, 142498, 10280483, 2727461, 64255526, 9189927, 18069672, 60769703, 83393576, 13428267, 3059756, 104248495, 72671024, 62600241, 53553330, 90953272, 19379514, 106395706, 5242171, 34517182, 117926854, 61039560, 17783375, 71995348, 47877717, 10845015, 11547354, 40574813, 70751584, 83482593, 33292130, 75618148, 90579685, 77154408, 28650345, 7463912, 1845484, 89865453, 95513205, 12446843, 8239741, 35852286}"
1255024,"{312658848, 443926925, 1597703}"
1256128,"{52688841, 5138911, 10623532, 8029519, 5594959, 8210255, 486204503, 92548383}"
1257112,"{659555, 1281478, 2089895}"
1257468,"{10237957, 16836231, 158133266, 147035540, 287436693, 375453207, 63794457, 185618460, 231627939, 278187428, 97605798, 388136359, 168882857, 5964333, 13039149, 10144431, 2440750, 34335154, 5753660, 136615622, 375731018, 17294798, 133384144, 61360595, 145048668, 8713693, 19872486, 218631919, 206363000, 53414906, 221533567}"
1260318,"{1677568, 19320834, 213853317, 17262085, 133336082, 3659283, 124218905, 8902553, 95895579, 12400795, 2260898, 7870755, 97605798, 11286695, 15111991, 21407167, 180255808, 742154053, 14635462, 580672331, 2328542, 2173540, 2187883, 14396012, 88363756, 196900589, 8559469, 281664112, 2916334, 336741364, 58598268}"
1263103,"{32783670, 11287692, 80053037, 137534}"
1266604,"{137570562, 14249540, 207490661, 145605222, 64721636, 170565802, 29484362, 294442773, 244522197, 416463863, 283645176, 300085273, 188367707, 265258620, 84033789, 281994942}"
1269438,"{1823520, 645821785, 16168424, 84785784, 38276845, 14943629, 533103471, 3159438, 505085167, 82230764, 119175283, 43578968, 1478521, 548641470, 146893471}"
1269893,"{553584027, 4492}"
1272136,set()
1273507,set()
1275000,"{192879495, 10306823, 178208393, 55188877, 121640594, 30417684, 2699034, 1388575, 63474339, 75351843, 112741037, 196827769, 116703563, 40574813, 40219102, 13658214, 59664745, 423204205, 4753778, 304379257}"
1276012,"{247382018, 270271367, 125231370, 241181202, 132923286, 377791257, 154765090, 387106343, 60380460, 203082286, 470935480, 160084676, 400245445, 201974854, 35434956, 60976340, 118426454, 355635801, 171427930, 248637274, 253000794, 68249953, 629107822, 87288563, 42404979, 388986102, 124997758}"
1276824,{284061}
1277327,"{33778728, 229243657}"
1281083,set()
1285555,"{145390820, 2053254, 507251, 213509108, 59233178, 97541019}"
1286690,set()
1291713,set()
1291869,{5709813}
1295135,"{5338853, 144723054, 625214397}"
1295362,"{119498664, 15668250, 46418362, 135210246}"
1295654,"{547517026, 158992900}"
1301547,set()
1302291,{35957812}
1306994,{18044569}
1322364,"{20241249, 46966348, 289713999, 5313074, 500201242, 61958078}"
1322526,"{67159502, 5394719}"
1325258,{7528234}
1333115,{70333739}
1337001,set()
1354543,"{210152193, 23342209, 19320834, 2070017, 136993927, 367241, 4288267, 348265871, 17364728, 10342930, 37619222, 3138463, 1576608, 374216096, 142498, 27646754, 33569954, 15302436, 25539623, 414344234, 170054060, 7913773, 145036205, 2482093, 463162, 43019195, 5753660, 11077309, 421033275, 41341249, 23560130, 5142212, 186204229, 126060485, 150262218, 12894539, 96942541, 195498835, 15537107, 387862101, 3547615, 536273635, 322533, 401428071, 94248955, 76988653, 90708084, 4140149, 296954871, 444429304, 153794043, 18182398}"
1357860,"{192822281, 205248300, 62097453, 73533356, 362142636, 76982928, 220052018, 322322898, 208042871, 161578362, 293076446}"
1358631,set()
1360186,{4650605}
1373228,"{202585825, 26508829, 13052904, 423946, 206018827, 165266282, 136155341, 297138669, 71384092, 188623124, 4301524, 15375094, 99087381, 351029368, 22917788, 53223485, 98388510}"
1373302,"{12321895, 6944604, 19463048, 292779947, 131608558, 147058324, 2126172, 38298328, 8223866, 2450748, 16413119}"
1374843,set()
1375499,"{139272288, 137819552, 155393412, 340405701, 192275973, 264951333, 17205192, 494167818, 99516012, 507137007, 21328209, 131980242, 331084244, 247117335, 584220062}"
1375868,"{3188609, 103966721, 89402128, 17673617, 244767509, 3096603, 6457117, 79446947, 9189927, 184120232, 154500647, 197473706, 28150447, 61763260, 176682047, 150421441, 756930, 102734915, 12643923, 215696468, 14741730, 221866481, 144367996}"
1381484,set()
1381490,{503135079}
1388001,"{312658848, 408938786, 568058376, 51167094, 70099802, 8868444, 40574813}"
1388575,"{2259544, 561140141, 77845455, 386122296, 1275000, 146160479}"
1393086,"{49537768, 172458389, 1089238, 142397879}"
1396890,"{307359623, 634184715, 258137615, 443653013, 156916642, 2419749, 206846504, 354894377, 374701099, 118764590, 120301495, 322995767, 156878396, 10598854, 243529036, 11211223, 179306457, 230356575, 167206502, 168029161, 542442098, 517657082, 493089787, 145268988}"
1397538,{3612449}
1400632,set()
1403306,{45007571}
1403377,"{374723332, 58707718, 75909386, 12469133, 657807, 24312595, 680831, 24027417, 312658848, 516627874, 42507057, 54789560, 52661948, 173305281, 112648390, 366946633, 24863180, 8318287, 1825883, 11749980, 205552349, 140819935, 171826148, 1139814, 132970216, 9318765, 27602942, 500735}"
1411667,{153589163}
1418400,"{322964101, 389702023, 51258642, 351922835, 251455897, 556877215, 491057829, 421473709, 186224948, 290972089, 739687098, 392069563, 545855939, 331500998, 564121672, 181083873, 174836066, 412649072, 150511864, 379720314}"
1421814,"{948776, 71200930}"
1428928,"{15470905, 12080628}"
1430690,set()
1431996,"{408504163, 348946696, 340458921, 482386570, 197473706, 389026381, 288030863, 176886320, 148158898, 348465301}"
1433059,set()
1433787,"{36038648, 75436980, 395515263}"
1434541,"{156322985, 5902276, 71556437, 75511693}"
1434771,set()
1436128,set()
1436631,"{28959842, 485567604, 312709445}"
1436961,set()
1437046,"{114769520, 26122002, 131825987}"
1445386,"{182512464, 7807444}"
1451243,"{5818337, 6929133}"
1452980,set()
1455409,set()
1469696,{266911357}
1471811,"{138081690, 91863839}"
1472643,"{45826401, 14741730, 2209635, 17838310, 97605798, 78899559, 1552748, 112806508, 18031725, 238059182, 92285264, 10073105, 18693074, 20526804, 138242040, 195255417, 185535996, 6457117}"
1475538,set()
1478521,"{152476272, 57051100, 16745068, 1269438}"
1479389,"{112808536, 278695040, 626419390}"
1482913,set()
1484962,"{3206051, 170892741, 34722217, 13040239, 4766904, 81792031}"
1486629,"{306688, 35129282, 2100882, 14612222}"
1488189,"{442498688, 5246180, 194230116, 17838310, 346440, 476579697, 12273330, 140387414, 417179990, 155903416, 5001498, 143601566, 262495130}"
1492375,"{165525633, 387968577, 270861862, 668183021, 211768978, 222695539, 262743572, 287632917, 220518009, 555611674, 214067931}"
1496640,"{693471873, 51437187, 195267333, 474755845, 319790598, 270682888, 571261835, 28607500, 350196747, 154856206, 570905871, 475175060, 13432853, 325871512, 63453853, 29025182, 338210, 48081442, 55804966, 252329512, 40562863, 35402544, 67385391, 145205301, 720359349, 11987256, 354086713, 142908731, 253423549, 339882432, 286299841, 37928001, 62035270, 651349197, 229307982, 139738319, 111172690, 94819412, 21787221, 269808724, 170471897, 53483485, 2328542, 196386526, 51322080, 35885410, 34698599, 12473959, 263267946, 330198654, 107331822, 307391214, 55424756, 6458741, 62154110}"
1500515,"{167658497, 73266434, 161697026, 280052740, 6615956, 61862295, 162408856, 204547995, 325438494, 82231327, 257851809, 364509986, 500779178, 19243182, 249444534, 49466167, 584773048, 451979452, 66774335, 126053701, 64346053, 52531661, 230753616, 251351123, 333538004, 209757791, 75152736, 324002790, 188455146, 241623659, 201108724}"
1501625,"{20537443, 26376458, 95924333, 338932750, 178036335, 195228721, 49867131, 12834041, 81406715}"
1501893,{135344899}
1502808,"{354111969, 21064059, 50298055}"
1504927,"{364983041, 305098504, 63400943, 3809299, 360628979}"
1509927,"{27977924, 215489419, 394548940, 41808013, 27290390, 6316119, 106107320, 27738841, 4677690}"
1516063,{4428588}
1517883,{719968968}
1522788,"{132250657, 18329028, 382816360, 237478900, 287941622, 437171420, 8613597}"
1522976,"{56670844, 267146144, 370236967, 424607580, 9070535, 234303086, 460575090, 24196055, 268606999, 32392664, 626554140}"
1529653,set()
1532021,"{2287168, 90766020, 1425349, 3731783, 1624776, 9919337, 1534773, 6316119, 45064313}"
1534200,"{122746499, 162166660, 163670449, 6940790, 54074936, 166725887}"
1543545,"{7900408, 6735265, 179045570, 5783780, 21896388, 66552328, 2700265, 29105291, 227476715, 8645967, 2098008, 27426744, 467416, 203952284, 75979230, 3781983}"
1552748,"{9768768, 14741730, 39659619, 1472643, 60080454, 478537866, 7286187, 92285264, 31197137, 26436434, 10073105, 21626164, 83554901, 63788919, 4359832, 16956568, 52195423}"
1553998,"{119584922, 69098298}"
1554439,set()
1558021,"{7668480, 1689264, 44476341, 438746582, 2734362}"
1561793,set()
1566674,"{482820708, 338504516, 237622183, 244737864, 2236397, 65705714, 362468339, 100716053, 221580217, 81946207}"
1570847,set()
1573605,{672707564}
1573764,"{197913211, 34565275}"
1575140,"{559980290, 493072134, 116804359, 37265674, 123052810, 4206350, 245495671, 611090062, 52226071, 150332696, 303123358, 331166, 294073760, 436377246, 276136994, 513056677, 504055848, 49276713, 42760236, 6312753, 338451633, 693412532, 375573560, 299223613, 185119297, 111455174, 64581703, 83143497, 566216396, 535637585, 28746326, 226189656, 137986265, 31070810, 499822301, 178619871, 72021986, 338232549, 283483365, 30697, 194419947, 258876652, 77658221, 189004654, 524479730, 507251, 121245556, 358300405, 9464694, 238307063, 28776184, 32117, 63533822}"
1576608,"{321844838, 28901959, 9073899, 1354543, 224625497}"
1579862,{3397225}
1581949,"{514514290, 599872819}"
1583898,"{141498240, 275095938, 486126595, 102900998, 293824011, 325027596, 364987533, 660677652, 133911702, 238741398, 225698083, 131843107, 170494258, 381137848, 161114562, 61663567, 11211223, 97147996, 172973278, 425384800, 532456162, 170579300, 3447782, 426048488, 612233963, 165541110}"
1585331,"{155119585, 3433218, 416021603, 186432100, 116804359, 3851336, 298306921, 39427869, 176456110, 11747150, 111888240, 402768022, 267744922, 23272187, 145509181}"
1585357,"{90640803, 3665710, 8212627, 157261018, 21533438}"
1585489,{611377258}
1587195,"{10443821, 4271525}"
1594966,"{4800648, 150927808, 371495148, 144985296}"
1597703,"{266415745, 14519428, 74129800, 6396936, 196456074, 8867607, 33619483, 435850012, 171568675, 150764837, 413053997, 38549697, 603203, 335179332, 29852743, 332054602, 467889377, 10084455, 30697, 370971887, 1255024, 93891834, 500735}"
1598534,"{143092129, 4312599, 70374682, 120557324, 9460207, 182710450, 3741363, 12299063, 201345081, 135694618}"
1600112,{3713635}
1601260,"{19320834, 265413964}"
1602990,"{5903106, 46844168, 408448649, 5509416, 460016041, 104221360, 142908731, 41161, 133578701, 113478862, 191663950, 158612304, 476876510, 357008226, 5135204, 176717291, 155939573, 489143415, 84785784}"
1610300,set()
1616025,"{156711009, 266415745, 2838490, 64412836, 18900709, 227204006, 458786952, 90006536, 5963437, 19543566, 222500463, 220229624, 517657082, 493089787, 323916892}"
1619095,"{84208580, 232394437, 242615277, 102037526, 248088279, 85881}"
1620194,"{1823520, 113342533}"
1620575,"{10884796, 157390600, 43926793, 153537261, 7858477, 385601485, 38467671, 43104313, 112987068, 362129119}"
1621636,"{40444504, 216234099}"
1624906,"{107922698, 285454723, 4370646}"
1636769,"{146244801, 120156167, 344093897, 152828045, 219050160, 223787123, 122568440, 213178491, 174245244, 506495517}"
1642179,"{82445731, 6064884, 7996916, 385873622, 20230040, 135244349}"
1643214,"{135372672, 95142434, 51151692, 441426516, 4930265, 68535259, 76952031}"
1645334,{190518581}
1645774,"{33569954, 127746863, 24033394, 17385783, 48716858, 4337436, 11611134}"
1646772,"{12562121, 228367165, 69570791}"
1650902,"{13369801, 108809108, 7250661, 38352606}"
1661586,"{4903331, 55482662, 46966348, 142096048, 16691, 8779444, 7715671, 185115000, 728324315}"
1667700,"{296319555, 17838310, 346440, 186290892, 8101269, 155903416, 5001498}"
1675694,{24217671}
1677568,"{42289534, 2990727, 31885322, 162941514, 160615438, 177061555, 354067, 17524374, 1260318}"
1679004,"{7725472, 148075587, 19563372, 87817363, 135935767, 5354943}"
1680957,"{1787461, 334096524, 80066901, 223660894}"
1685241,set()
1689553,"{458613985, 10155138, 10639554, 173300841, 41907217, 227320369, 407431377, 168949332, 310117267, 277183894, 216730839, 31934366, 95914965, 19466078, 360680831}"
1693274,set()
1697517,"{119853700, 320457573, 410725354, 183561422, 2389014}"
1707589,"{5337608, 411813864, 501204940, 49105201, 180661522, 20140980, 12141621}"
1709237,"{112808536, 120158958, 393351287}"
1712536,"{10734608, 18267683, 286161227, 129175556}"
1714036,set()
1715882,set()
1719665,"{66137348, 197814672, 73035028, 11830134, 117777338, 171493371, 65027581, 84665055}"
1720253,"{41813033, 72692, 380105795, 102275971}"
1730893,"{498889058, 88240034, 264485510, 454069894, 752349736, 181555366, 245885352, 11371019, 31046930, 185486357, 290776245, 56934295, 14170904, 174769561, 70744092, 441786622, 184559871}"
1731465,set()
1733733,"{319379457, 26296066, 184611587, 145273864, 59362957, 155502486, 1793183, 32705443, 361640877, 95308340, 152342455, 239240248, 301421241, 12368314, 214660028, 56800957, 102720832, 221546828, 192815309, 21217869, 518084815, 134634445, 28859853, 59023699, 145980502, 13855577, 263464421, 53270124, 84092141, 99480047, 425412849, 7471601, 42420086, 100185719, 139046393, 69618939, 66566780}"
1737296,"{255863170, 291965155, 52250921, 168439627, 223110926, 11987256, 251170746, 125562589}"
1738857,"{140531559, 108901448, 265110664, 197473706, 319299885, 12496205, 269112654, 372887088, 385278769, 508653392, 141854427, 10713883, 391465342}"
1744617,{106080849}
1746196,set()
1746961,{7353309}
1747324,"{137916090, 703852}"
1751199,set()
1751209,"{13319377, 18174631}"
1755223,"{290590920, 143198443, 491129950, 722959715}"
1755846,"{19320834, 196996067, 14852619, 90440939, 418621423, 18194768, 67029, 535097, 260607}"
1756429,set()
1756562,{77938067}
1756908,{8952779}
1758841,{25127552}
1771140,"{53635578, 378102106}"
1774677,set()
1776779,{10440637}
1785612,"{2253957, 104468615, 34093197, 50714893, 92310413, 56425361, 135641618, 139364627, 85801491, 217315223, 183596568, 16226713, 113369241, 278782623, 224796705, 139391779, 271588389, 158206886, 59539368, 140462639, 30530609, 29820210, 176622518, 213475511, 51536571, 4527292, 49525565, 4949566, 58454722, 39405387, 66785740, 143729740, 231589710, 171222101, 123035098, 94968285, 295748707, 184150628, 103787620, 146593508, 160451435, 26608747, 185628014, 44539758, 38928239, 177772533, 183643129, 207887738}"
1785932,"{252147722, 293013518, 95899662, 209866769, 36458514, 69181460, 38447144, 162183209, 119275562, 300007466, 181348411, 15020107, 39491667, 161851476, 138854496, 152543332, 115107940, 44527716, 18227313, 8999030, 213111, 132790392, 271816829, 93544575, 11831430, 79810695, 37378189, 265697431, 60084381, 13775011, 230047908, 222972067, 161497269, 171489465, 199606471, 2480334, 196088023, 103121117, 4683998, 39061727, 139348192, 133087466, 278020332, 276283635, 81897716, 176742661, 28668172, 103850260, 135694618, 118239515, 24713509, 212945190, 13537576, 206641450, 138615085, 211872048, 134287666, 199100731, 37171517, 161173833, 154483022, 53907802, 131764589, 200018290, 194308472, 35142013, 262322558, 275919232, 134209923, 165865859, 235897277, 21367230, 4118979, 55521731, 179352006, 135928264, 204843471, 43588049, 83577298, 111628761, 152900068, 41048554, 199610864, 161753595, 283771390, 209207821, 55353872, 155761173, 155607578, 87673377, 10027565, 87804466, 120730165, 152132150, 139057724, 160940608, 163058242, 37911108, 14955077, 162941514, 198105684, 157782614, 153485912, 119568984, 281621084, 270266977, 4895335, 220697194, 300323444, 181656188, 3175046, 178537111, 258984613, 132680361, 58976942, 75719349, 160191166, 147784395, 224688847, 237128409, 185561821, 198816490, 257338097, 176370417, 78322421, 285176567, 218278651, 116804359, 173153033, 97239820, 112847629, 34360086, 109009693, 261524254, 219904798, 132256544, 153910048, 39060260, 42046252, 206854959, 179075887, 152030002, 113744702, 222544713, 81974094, 235395918, 77534036, 224625497, 170759002, 133655396, 9249640, 92027763, 209150837, 133581688, 247280506, 155679615, 172817280, 48513925, 123544458, 43565969, 7191445, 3920794, 256156577, 251018148, 83372969, 34145201, 180050865, 38976439, 184456121, 94897082, 67607484, 201997247, 6360000, 14193602, 51805122, 11486148, 73337797, 40618953, 79641553, 172309458, 133061595, 21404637, 147684319, 33364962, 179635172, 281039849, 297298922, 242615277, 22565879, 220892151, 111893498, 202032129, 2618379, 160615438, 164920337, 159988761, 10030113, 159960099, 72653862, 244304935, 132250662, 176616494, 52661297, 4658226, 228752434, 42662970, 176682047, 3775552, 199060545, 204045377, 280669252, 87137357, 142517333, 99986529, 52364386, 274435171, 258954339, 280009832, 87553135, 2053254, 69782663, 182193292, 140786829, 168600720, 172870801, 32857233, 139703446, 91894935, 188773540, 189306027, 664748, 178525360, 189893810, 43345086, 262536392, 59542736, 74837219, 10259688, 157750505, 174404843, 185232625, 80014582, 16168183, 263841023, 227693828, 262782213, 5580042, 85476627, 194977046, 40758551, 182955290, 116497693, 89777444, 188325160, 259501352, 145055018, 121746736, 19569972, 134159677, 7683390, 16651590, 113655112, 228574536, 145567050, 106960208, 160167249, 131784024, 158176608, 201356643, 238534000, 174251385, 24589690, 82267521, 49384840, 82957706, 87317905, 48207253, 169729460, 71560632, 138558909, 272405962, 291696093, 65613278, 4249055, 173493729, 30465505, 231374307, 52248044, 213503470, 216452591, 190477809, 97742322, 119969267, 77532661, 49309181, 136664583, 100599308, 114202128, 12819994, 12944924, 22380069, 176152102, 64255526, 153783849, 151264810, 84645427, 181622323, 60051024, 41330257, 247449178, 191049308, 60728925, 160833129, 109438571, 49397359, 113532532, 182128245, 200552061, 297328257, 160779909, 278929033, 179773073, 213190299, 154451614, 67606178, 2721449, 159887018, 113327785, 140961451, 13645489, 220188355, 230569670, 113403598, 192362192, 133600979, 147390164, 183109346, 30056172, 203661039, 26152692, 202610421, 16668410, 17475330, 251660049, 103845651, 226387737, 203079450, 11261722, 199520044, 272109369, 119725881, 137277243, 74587972, 258561861, 75970376, 284317537, 153065325, 89304941, 98725741, 194635636, 51167094, 111073148, 222216064, 120835972, 186933124, 8576916, 14368661, 156350363, 223844265, 160655274, 253288363, 184082350, 216608688, 90711991, 139376569, 9381821, 20068295, 184784843, 83541965, 215193550, 257851349, 180201446, 25538544, 287791090, 7434228, 151650295}"
1787461,"{351933216, 198972006, 212791631, 25210992, 38782127, 315658682, 10033019, 242500348, 1680957}"
1789040,{62899257}
1793183,"{22239488, 442498688, 21739010, 194432259, 89965060, 161944323, 54803460, 2990727, 205880328, 559774730, 426469390, 216170780, 3260956, 143009695, 1823520, 188728610, 210752034, 406076068, 162679077, 7652775, 178178855, 221955881, 17606446, 146910002, 227553075, 76610367, 92813632, 236716226, 449829826, 140328770, 186204229, 221810886, 13910215, 3204171, 11629643, 518084815, 239585746, 168176978, 202509778, 664065108, 145980502, 197706584, 2001496, 317876315, 201953371, 152500956, 33292130, 95406051, 290383589, 1733733, 140531559, 976491, 75665004, 395196909, 19311, 375034864, 329614193, 207971955, 307376120, 179289083, 197379068, 6675967}"
1795198,"{29409568, 25869565, 33666119}"
1797547,"{32715, 16949204}"
1798012,"{3881617, 3879652}"
1798677,set()
1802969,"{254239076, 269769770, 295812886, 190858359, 94710494, 26284703}"
1809853,"{19322709, 21031981}"
1813308,"{225460012, 6522606}"
1817110,"{31035648, 136907781, 183005967, 570905871, 428296209, 132961946, 252329512, 146104366, 67385391, 239109934, 17384886, 11987256, 230250687, 72020941, 57305942, 91798743, 174863323, 21722087, 19919214, 140838130, 275496566, 18474488, 73090812}"
1817548,"{568384, 1644143}"
1818059,"{112421251, 232778883, 419933445, 186736515, 201231111, 501725063, 705242122, 179871498, 35378828, 5439757, 96512911, 39920912, 473746323, 9766776, 418913173, 103247763, 6101655, 14091288, 312634520, 227889946, 268606999, 626554140, 98279064, 319899294, 6909720, 267146144, 175648930, 205734564, 97605798, 370236967, 3736618, 347575220, 22418998, 133561020, 191170749, 34373950, 9070535, 262536392, 81500617, 144276945, 238724434, 20123473, 24196055, 134033112, 184244569, 136288987, 283215195, 12387293, 317607388, 424607580, 5210075, 51568740, 19651684, 269934054, 143879655, 469943913, 234303086, 396961135, 1818100, 257115125, 312904949, 7434228, 20530168, 335814777, 56670844, 315443965, 146387583}"
1818100,"{419933445, 705242122, 150908810, 35378828, 5439757, 96512911, 103247763, 98279064, 227889946, 319899294, 14202527, 370236967, 19438379, 507372719, 191170749, 188672830, 81500617, 1818059, 20123473, 152232658, 238724434, 136288987, 174960480, 6755048, 469943913, 234303086, 271560821, 9766776, 146387583}"
1821759,"{316787045, 384723145, 50869674, 284438510, 52739247, 226243158}"
1823341,"{91664224, 227671425, 2365186, 131704548, 8159147, 17503763, 207977875, 14139736}"
1823520,"{19320834, 232279044, 161653769, 74992650, 137618955, 103983628, 36828171, 18530830, 76150796, 147137043, 160937506, 89530406, 230345257, 13428267, 22642734, 34634290, 197810229, 155023927, 24134714, 183984187, 210008637, 14423616, 104936001, 172112449, 19148868, 65457225, 89594979, 87448687, 182071411, 18718328, 135438969, 31202434, 10155138, 20253829, 47024267, 3454604, 92801678, 272700567, 145140890, 1793183, 125637280, 229860001, 97605798, 146823336, 39500969, 40693418, 63273132, 297600173, 113895091, 146122423, 1269438, 236716226, 206777541, 26803909, 39865549, 32996573, 38936286, 1620194, 6755048, 12765929, 39054572, 50479859, 283248375, 222913281, 140356354, 286048009, 30790922, 199977739, 63863062, 219443480, 73247006, 265902366, 275372322, 94847267, 6149412, 12285220, 15302436, 222517548, 8220465, 233814324, 176790328, 203095867, 73064771, 15222086, 19266891, 112386382, 11273042, 217892691, 13626708, 202795355, 49367902, 90487647, 79423336, 8793969, 157793137, 167924087, 31286138, 14436734, 86600576, 62266243, 261692294, 86240657, 140728725, 102537110, 152241048, 71250854, 7571882, 93198762, 162121133, 143471539, 63369140, 120671670, 39519677, 236679623, 161465805, 153723347, 50889181, 8733160, 164423150, 260897271, 28482046}"
1825883,"{312658848, 171826148, 1403377, 24312595, 500735}"
1838855,"{62727112, 17164266, 95903323}"
1842066,set()
1843070,"{90779033, 417711003, 21533438}"
1845484,"{228468775, 244977384, 499723, 48591115, 186290892, 222500463, 1246520, 346086970, 541993149}"
1849157,"{252396243, 162475550}"
1849406,"{954856, 226493315, 24115372}"
1849909,"{239659728, 334832705, 106454657, 448689955}"
1850743,"{365702913, 188393739, 6930834, 985618, 334680101, 307940008, 2721449, 156725173, 137962166, 142397879, 142439227, 326870214, 16112202, 3953994, 15442380, 166095181, 135582415, 367151998, 488821970, 211440978, 218244946, 237017689, 188506077, 2777950, 190519780, 171826148, 82740325, 79266411, 135332591, 190920570, 463198076, 202604798, 233615615}"
1852297,{245218046}
1852508,"{32537472, 154313989, 65023883, 486351385, 139409569, 135203494, 27777066, 166395050, 198451630, 252431674, 117029568, 348158659, 148410057, 80168651, 96391118, 171156188, 212716637, 128030830, 59261806, 190538096, 245011710}"
1853687,{84785784}
1857610,{149194937}
1859101,set()
1859789,"{2365186, 208886630, 12246346, 267629420, 532408910, 165339343, 137895869, 362201619, 106330422, 256372502, 180700221, 517746655}"
1861014,"{574560, 2768170}"
1862516,"{15222086, 9533515, 43589648, 6310801, 22300595, 11796793, 198210619}"
1866048,"{31005185, 267907811, 149041734, 551768455, 395384296, 16440169, 571581321, 670786699, 93128780, 177675468, 3540727, 415082896, 131887570, 27492371, 149589493, 7715671, 54131832, 246639582}"
1868592,"{25612928, 100171488, 97605798, 5003594, 5212780, 22332493, 330246862, 459109486, 2219982, 440474738, 693268, 48207253, 18679669}"
1869898,"{103080160, 177226597, 14166278, 25516810, 2882413, 325454288, 36935699, 138652340, 217140222, 5402136, 383165659, 185618460, 16529790}"
1874374,set()
1880068,{64825199}
1887858,"{14366410, 408857578, 173928429, 17606446, 470455573, 5767609, 451979452}"
1889083,"{254653477, 437067878, 397315781, 1184456, 370669768, 26396456, 275101359, 194099344, 88475281, 216971571, 291848822, 72478006}"
1890232,"{168591276, 23609871, 213861200, 65531761, 423877302, 162204314, 160507676, 240584733}"
1891203,set()
1891815,"{43569794, 183672707, 359393929, 196456074, 306432782, 149628688, 486179089, 171414295, 176308123, 286349305, 180439455, 171568675, 197698728, 251248809, 340127400, 284562098, 358567603, 12299063, 187639351, 512080449, 182193859, 155381571, 384398149, 151256774, 604733639, 298595272, 161583561, 226138959, 250438864, 405213010, 78987862, 224619606, 220695767, 527923549, 467889377, 472753634, 199011, 281897065, 80693113, 147638268}"
1899869,"{35443928, 9807785, 125967990}"
1901733,"{356546358, 19320834, 4401253, 202353854}"
1918695,"{158992900, 374723332, 72423562, 289013772, 552883212, 265499022, 187304973, 97060750, 406884753, 365707286, 296702359, 395071895, 3206040, 232915739, 213190299, 284347550, 155189284, 97605798, 72677800, 281733291, 199633197, 268502830, 221415219, 386742067, 126325045, 426377653, 236947640, 432668984, 368308538, 225054779, 527460922, 326190008, 318336059, 134784186, 222489786, 210754497, 244897341, 82501188, 7623749, 145268040, 692717643, 425349198, 135391567, 169005138, 9605971, 560730196, 89939285, 441673942, 276882262, 250416858, 230101597, 229484766, 235462109, 215887484, 125636320, 295397478, 365640808, 98609897, 273511785, 30050541, 4787954, 220934002, 81897716, 24494325, 100933750, 151419637, 412428665, 235899644, 16195327}"
1920635,"{927332, 165140295}"
1927188,"{204045377, 248327170, 2361249, 21661028, 14449983, 26576262, 161583561, 101635596, 1370095, 170586544, 28679351, 204658779, 52411549, 19082942, 25377503}"
1929207,set()
1945034,"{357186427, 57073932, 22795342}"
1946027,"{2119292, 116381985, 405598338, 415120835, 7817058, 247322021, 5753660, 253110474, 552788941, 152121461, 526895159, 348443577, 7481595, 3260956, 289833469, 316700606}"
1949528,{188045513}
